username,email,hashed_password
user1,user1@example.com,hashed_password_1
user2,user2@example.com,hashed_password_2
user3,user3@example.com,hashed_password_3
user4,user4@example.com,hashed_password_4
user5,user5@example.com,hashed_password_5
user6,user6@example.com,hashed_password_6
user7,user7@example.com,hashed_password_7
user8,user8@example.com,hashed_password_8
user9,user9@example.com,hashed_password_9
user10,user10@example.com,hashed_password_10
user11,user11@example.com,hashed_password_11
user12,user12@example.com,hashed_password_12
user13,user13@example.com,hashed_password_13
user14,user14@example.com,hashed_password_14
user15,user15@example.com,hashed_password_15
user16,user16@example.com,hashed_password_16
user17,user17@example.com,hashed_password_17
user18,user18@example.com,hashed_password_18
user19,user19@example.com,hashed_password_19
user20,user20@example.com,hashed_password_20
user21,user21@example.com,hashed_password_21
user22,user22@example.com,hashed_password_22
user23,user23@example.com,hashed_password_23
user24,user24@example.com,hashed_password_24
user25,user25@example.com,hashed_password_25
user26,user26@example.com,hashed_password_26
user27,user27@example.com,hashed_password_27
user28,user28@example.com,hashed_password_28
user29,user29@example.com,hashed_password_29
user30,user30@example.com,hashed_password_30
user31,user31@example.com,hashed_password_31
user32,user32@example.com,hashed_password_32
user33,user33@example.com,hashed_password_33
user34,user34@example.com,hashed_password_34
user35,user35@example.com,hashed_password_35
user36,user36@example.com,hashed_password_36
user37,user37@example.com,hashed_password_37
user38,user38@example.com,hashed_password_38
user39,user39@example.com,hashed_password_39
user40,user40@example.com,hashed_password_40
user41,user41@example.com,hashed_password_41
user42,user42@example.com,hashed_password_42
user43,user43@example.com,hashed_password_43
user44,user44@example.com,hashed_password_44
user45,user45@example.com,hashed_password_45
user46,user46@example.com,hashed_password_46
user47,user47@example.com,hashed_password_47
user48,user48@example.com,hashed_password_48
user49,user49@example.com,hashed_password_49
user50,user50@example.com,hashed_password_50
